Nom,Genre,Programmation,Algorithme,Math,Physique,Total,Moyenne
Walelu ,,12,4,10,10,36,12.0
Chancelle,1.0,10,6,14,15,45,15.0
Franck,0.0,14,12,15,17,58,19.333333333333332
Jovial,1.0,16,17,17,15,65,21.666666666666668
Josmar,1.0,18,9,18,14,59,19.666666666666668
Gedeon,0.0,2,6,12,4,24,8.0
Jeremy,0.0,5,10,14,10,39,13.0
Patrick,0.0,6,16,10,20,52,17.333333333333332
